{
    "Info": {
        "title": "iReceptorPlus Statistics API",
        "version": "0.3.0",
        "description": "Statistics API for the iReceptor Plus platform.",
        "contact": null
    },
    "Message": [
        {
            "repertoires": {
                "repertoire_id": "322",
                "sample_processing_id": "398",
                "data_processing_id": "398"
            },
            "statistics": [
                {
                    "statistic_name": "junction_aa_length",
                    "total": 3472,
                    "data": [
                        {
                            "key": 22,
                            "count": 97
                        },
                        {
                            "key": 16,
                            "count": 202
                        },
                        {
                            "key": 24,
                            "count": 50
                        },
                        {
                            "key": 20,
                            "count": 144
                        },
                        {
                            "key": 18,
                            "count": 197
                        },
                        {
                            "key": 14,
                            "count": 135
                        },
                        {
                            "key": 13,
                            "count": 95
                        },
                        {
                            "key": 23,
                            "count": 81
                        },
                        {
                            "key": 28,
                            "count": 12
                        },
                        {
                            "key": 19,
                            "count": 155
                        },
                        {
                            "key": 21,
                            "count": 125
                        },
                        {
                            "key": 17,
                            "count": 244
                        },
                        {
                            "key": 0,
                            "count": 1493
                        },
                        {
                            "key": 15,
                            "count": 158
                        },
                        {
                            "key": 11,
                            "count": 48
                        },
                        {
                            "key": 6,
                            "count": 5
                        },
                        {
                            "key": 25,
                            "count": 33
                        },
                        {
                            "key": 29,
                            "count": 8
                        },
                        {
                            "key": 9,
                            "count": 15
                        },
                        {
                            "key": 26,
                            "count": 29
                        },
                        {
                            "key": 12,
                            "count": 77
                        },
                        {
                            "key": 7,
                            "count": 5
                        },
                        {
                            "key": 10,
                            "count": 25
                        },
                        {
                            "key": 30,
                            "count": 2
                        },
                        {
                            "key": 8,
                            "count": 5
                        },
                        {
                            "key": 27,
                            "count": 19
                        },
                        {
                            "key": 34,
                            "count": 1
                        },
                        {
                            "key": 5,
                            "count": 3
                        },
                        {
                            "key": 35,
                            "count": 2
                        },
                        {
                            "key": 4,
                            "count": 1
                        },
                        {
                            "key": 39,
                            "count": 1
                        },
                        {
                            "key": 33,
                            "count": 2
                        },
                        {
                            "key": 36,
                            "count": 1
                        },
                        {
                            "key": 31,
                            "count": 2
                        }
                    ]
                },
                {
                    "statistic_name": "junction_length",
                    "total": 3472,
                    "data": [
                        {
                            "key": 0,
                            "count": 1493
                        },
                        {
                            "key": 67,
                            "count": 28
                        },
                        {
                            "key": 43,
                            "count": 31
                        },
                        {
                            "key": 50,
                            "count": 50
                        },
                        {
                            "key": 48,
                            "count": 113
                        },
                        {
                            "key": 61,
                            "count": 52
                        },
                        {
                            "key": 73,
                            "count": 20
                        },
                        {
                            "key": 55,
                            "count": 62
                        },
                        {
                            "key": 41,
                            "count": 28
                        },
                        {
                            "key": 69,
                            "count": 45
                        },
                        {
                            "key": 85,
                            "count": 4
                        },
                        {
                            "key": 64,
                            "count": 40
                        },
                        {
                            "key": 33,
                            "count": 17
                        },
                        {
                            "key": 20,
                            "count": 4
                        },
                        {
                            "key": 44,
                            "count": 42
                        },
                        {
                            "key": 66,
                            "count": 51
                        },
                        {
                            "key": 39,
                            "count": 51
                        },
                        {
                            "key": 76,
                            "count": 12
                        },
                        {
                            "key": 47,
                            "count": 40
                        },
                        {
                            "key": 56,
                            "count": 38
                        },
                        {
                            "key": 60,
                            "count": 63
                        },
                        {
                            "key": 79,
                            "count": 11
                        },
                        {
                            "key": 51,
                            "count": 121
                        },
                        {
                            "key": 45,
                            "count": 77
                        },
                        {
                            "key": 57,
                            "count": 86
                        },
                        {
                            "key": 71,
                            "count": 16
                        },
                        {
                            "key": 52,
                            "count": 61
                        },
                        {
                            "key": 53,
                            "count": 62
                        },
                        {
                            "key": 59,
                            "count": 38
                        },
                        {
                            "key": 38,
                            "count": 27
                        },
                        {
                            "key": 75,
                            "count": 17
                        },
                        {
                            "key": 62,
                            "count": 29
                        },
                        {
                            "key": 40,
                            "count": 16
                        },
                        {
                            "key": 35,
                            "count": 21
                        },
                        {
                            "key": 68,
                            "count": 18
                        },
                        {
                            "key": 58,
                            "count": 31
                        },
                        {
                            "key": 70,
                            "count": 20
                        },
                        {
                            "key": 46,
                            "count": 41
                        },
                        {
                            "key": 23,
                            "count": 2
                        },
                        {
                            "key": 37,
                            "count": 16
                        },
                        {
                            "key": 34,
                            "count": 10
                        },
                        {
                            "key": 49,
                            "count": 39
                        },
                        {
                            "key": 65,
                            "count": 29
                        },
                        {
                            "key": 54,
                            "count": 97
                        },
                        {
                            "key": 63,
                            "count": 56
                        },
                        {
                            "key": 92,
                            "count": 2
                        },
                        {
                            "key": 24,
                            "count": 3
                        },
                        {
                            "key": 88,
                            "count": 3
                        },
                        {
                            "key": 42,
                            "count": 62
                        },
                        {
                            "key": 29,
                            "count": 4
                        },
                        {
                            "key": 72,
                            "count": 23
                        },
                        {
                            "key": 21,
                            "count": 3
                        },
                        {
                            "key": 84,
                            "count": 5
                        },
                        {
                            "key": 74,
                            "count": 7
                        },
                        {
                            "key": 80,
                            "count": 4
                        },
                        {
                            "key": 30,
                            "count": 12
                        },
                        {
                            "key": 104,
                            "count": 1
                        },
                        {
                            "key": 32,
                            "count": 9
                        },
                        {
                            "key": 81,
                            "count": 7
                        },
                        {
                            "key": 25,
                            "count": 1
                        },
                        {
                            "key": 27,
                            "count": 9
                        },
                        {
                            "key": 107,
                            "count": 2
                        },
                        {
                            "key": 15,
                            "count": 1
                        },
                        {
                            "key": 13,
                            "count": 1
                        },
                        {
                            "key": 78,
                            "count": 14
                        },
                        {
                            "key": 83,
                            "count": 8
                        },
                        {
                            "key": 26,
                            "count": 1
                        },
                        {
                            "key": 118,
                            "count": 1
                        },
                        {
                            "key": 17,
                            "count": 1
                        },
                        {
                            "key": 31,
                            "count": 4
                        },
                        {
                            "key": 77,
                            "count": 4
                        },
                        {
                            "key": 16,
                            "count": 1
                        },
                        {
                            "key": 82,
                            "count": 4
                        },
                        {
                            "key": 95,
                            "count": 1
                        },
                        {
                            "key": 28,
                            "count": 2
                        },
                        {
                            "key": 110,
                            "count": 1
                        },
                        {
                            "key": 99,
                            "count": 1
                        },
                        {
                            "key": 86,
                            "count": 3
                        },
                        {
                            "key": 87,
                            "count": 3
                        },
                        {
                            "key": 89,
                            "count": 2
                        },
                        {
                            "key": 18,
                            "count": 1
                        },
                        {
                            "key": 101,
                            "count": 1
                        },
                        {
                            "key": 94,
                            "count": 1
                        },
                        {
                            "key": 36,
                            "count": 34
                        }
                    ]
                },
                {
                    "statistic_name": "junction_aa_length_productive",
                    "total": 842,
                    "data": [
                        {
                            "key": 22,
                            "count": 44
                        },
                        {
                            "key": 16,
                            "count": 99
                        },
                        {
                            "key": 24,
                            "count": 20
                        },
                        {
                            "key": 20,
                            "count": 53
                        },
                        {
                            "key": 18,
                            "count": 83
                        },
                        {
                            "key": 14,
                            "count": 57
                        },
                        {
                            "key": 13,
                            "count": 47
                        },
                        {
                            "key": 23,
                            "count": 36
                        },
                        {
                            "key": 11,
                            "count": 17
                        },
                        {
                            "key": 6,
                            "count": 1
                        },
                        {
                            "key": 25,
                            "count": 16
                        },
                        {
                            "key": 29,
                            "count": 2
                        },
                        {
                            "key": 9,
                            "count": 8
                        },
                        {
                            "key": 26,
                            "count": 11
                        },
                        {
                            "key": 12,
                            "count": 29
                        },
                        {
                            "key": 21,
                            "count": 46
                        },
                        {
                            "key": 28,
                            "count": 3
                        },
                        {
                            "key": 0,
                            "count": 0
                        },
                        {
                            "key": 15,
                            "count": 73
                        },
                        {
                            "key": 10,
                            "count": 8
                        },
                        {
                            "key": 30,
                            "count": 0
                        },
                        {
                            "key": 17,
                            "count": 100
                        },
                        {
                            "key": 19,
                            "count": 75
                        },
                        {
                            "key": 7,
                            "count": 3
                        },
                        {
                            "key": 33,
                            "count": 1
                        },
                        {
                            "key": 36,
                            "count": 0
                        },
                        {
                            "key": 5,
                            "count": 1
                        },
                        {
                            "key": 4,
                            "count": 0
                        },
                        {
                            "key": 39,
                            "count": 0
                        },
                        {
                            "key": 35,
                            "count": 0
                        },
                        {
                            "key": 8,
                            "count": 2
                        },
                        {
                            "key": 34,
                            "count": 0
                        },
                        {
                            "key": 27,
                            "count": 7
                        },
                        {
                            "key": 31,
                            "count": 0
                        }
                    ]
                },
                {
                    "statistic_name": "junction_length_productive",
                    "total": 926,
                    "data": [
                        {
                            "key": 0,
                            "count": 1
                        },
                        {
                            "key": 50,
                            "count": 1
                        },
                        {
                            "key": 41,
                            "count": 1
                        },
                        {
                            "key": 69,
                            "count": 37
                        },
                        {
                            "key": 85,
                            "count": 1
                        },
                        {
                            "key": 64,
                            "count": 1
                        },
                        {
                            "key": 33,
                            "count": 18
                        },
                        {
                            "key": 20,
                            "count": 1
                        },
                        {
                            "key": 55,
                            "count": 1
                        },
                        {
                            "key": 44,
                            "count": 1
                        },
                        {
                            "key": 39,
                            "count": 48
                        },
                        {
                            "key": 66,
                            "count": 45
                        },
                        {
                            "key": 76,
                            "count": 1
                        },
                        {
                            "key": 47,
                            "count": 1
                        },
                        {
                            "key": 56,
                            "count": 1
                        },
                        {
                            "key": 60,
                            "count": 54
                        },
                        {
                            "key": 79,
                            "count": 1
                        },
                        {
                            "key": 48,
                            "count": 100
                        },
                        {
                            "key": 71,
                            "count": 1
                        },
                        {
                            "key": 52,
                            "count": 1
                        },
                        {
                            "key": 53,
                            "count": 1
                        },
                        {
                            "key": 57,
                            "count": 76
                        },
                        {
                            "key": 59,
                            "count": 1
                        },
                        {
                            "key": 38,
                            "count": 1
                        },
                        {
                            "key": 75,
                            "count": 17
                        },
                        {
                            "key": 62,
                            "count": 1
                        },
                        {
                            "key": 40,
                            "count": 1
                        },
                        {
                            "key": 35,
                            "count": 1
                        },
                        {
                            "key": 68,
                            "count": 1
                        },
                        {
                            "key": 58,
                            "count": 1
                        },
                        {
                            "key": 70,
                            "count": 1
                        },
                        {
                            "key": 51,
                            "count": 101
                        },
                        {
                            "key": 45,
                            "count": 74
                        },
                        {
                            "key": 34,
                            "count": 1
                        },
                        {
                            "key": 49,
                            "count": 1
                        },
                        {
                            "key": 65,
                            "count": 1
                        },
                        {
                            "key": 37,
                            "count": 1
                        },
                        {
                            "key": 54,
                            "count": 84
                        },
                        {
                            "key": 63,
                            "count": 47
                        },
                        {
                            "key": 24,
                            "count": 3
                        },
                        {
                            "key": 92,
                            "count": 1
                        },
                        {
                            "key": 88,
                            "count": 1
                        },
                        {
                            "key": 67,
                            "count": 1
                        },
                        {
                            "key": 42,
                            "count": 58
                        },
                        {
                            "key": 29,
                            "count": 1
                        },
                        {
                            "key": 72,
                            "count": 21
                        },
                        {
                            "key": 43,
                            "count": 1
                        },
                        {
                            "key": 80,
                            "count": 1
                        },
                        {
                            "key": 74,
                            "count": 1
                        },
                        {
                            "key": 61,
                            "count": 1
                        },
                        {
                            "key": 104,
                            "count": 1
                        },
                        {
                            "key": 30,
                            "count": 9
                        },
                        {
                            "key": 32,
                            "count": 1
                        },
                        {
                            "key": 81,
                            "count": 8
                        },
                        {
                            "key": 25,
                            "count": 1
                        },
                        {
                            "key": 27,
                            "count": 9
                        },
                        {
                            "key": 107,
                            "count": 1
                        },
                        {
                            "key": 15,
                            "count": 2
                        },
                        {
                            "key": 73,
                            "count": 1
                        },
                        {
                            "key": 21,
                            "count": 4
                        },
                        {
                            "key": 46,
                            "count": 1
                        },
                        {
                            "key": 84,
                            "count": 4
                        },
                        {
                            "key": 23,
                            "count": 1
                        },
                        {
                            "key": 13,
                            "count": 1
                        },
                        {
                            "key": 83,
                            "count": 1
                        },
                        {
                            "key": 82,
                            "count": 1
                        },
                        {
                            "key": 95,
                            "count": 1
                        },
                        {
                            "key": 78,
                            "count": 12
                        },
                        {
                            "key": 28,
                            "count": 1
                        },
                        {
                            "key": 16,
                            "count": 1
                        },
                        {
                            "key": 110,
                            "count": 1
                        },
                        {
                            "key": 86,
                            "count": 1
                        },
                        {
                            "key": 99,
                            "count": 2
                        },
                        {
                            "key": 87,
                            "count": 3
                        },
                        {
                            "key": 89,
                            "count": 1
                        },
                        {
                            "key": 18,
                            "count": 2
                        },
                        {
                            "key": 101,
                            "count": 1
                        },
                        {
                            "key": 94,
                            "count": 1
                        },
                        {
                            "key": 26,
                            "count": 1
                        },
                        {
                            "key": 36,
                            "count": 30
                        },
                        {
                            "key": 31,
                            "count": 1
                        },
                        {
                            "key": 77,
                            "count": 1
                        },
                        {
                            "key": 118,
                            "count": 1
                        },
                        {
                            "key": 17,
                            "count": 1
                        }
                    ]
                }
            ]
        },
        {
            "repertoires": {
                "repertoire_id": "279",
                "sample_processing_id": "433",
                "data_processing_id": "433"
            },
            "statistics": [
                {
                    "statistic_name": "junction_aa_length",
                    "total": 2485869,
                    "data": [
                        {
                            "key": 15,
                            "count": 367661
                        },
                        {
                            "key": 16,
                            "count": 318073
                        },
                        {
                            "key": 14,
                            "count": 261183
                        },
                        {
                            "key": 11,
                            "count": 248688
                        },
                        {
                            "key": 12,
                            "count": 261927
                        },
                        {
                            "key": 13,
                            "count": 252827
                        },
                        {
                            "key": 0,
                            "count": 9958
                        },
                        {
                            "key": 21,
                            "count": 23177
                        },
                        {
                            "key": 9,
                            "count": 23591
                        },
                        {
                            "key": 7,
                            "count": 14132
                        },
                        {
                            "key": 6,
                            "count": 6824
                        },
                        {
                            "key": 5,
                            "count": 1070
                        },
                        {
                            "key": 22,
                            "count": 35
                        },
                        {
                            "key": 3,
                            "count": 96
                        },
                        {
                            "key": 4,
                            "count": 21
                        },
                        {
                            "key": 23,
                            "count": 6
                        },
                        {
                            "key": 26,
                            "count": 2
                        },
                        {
                            "key": 10,
                            "count": 121658
                        },
                        {
                            "key": 43,
                            "count": 1
                        },
                        {
                            "key": 33,
                            "count": 1
                        },
                        {
                            "key": 24,
                            "count": 4
                        },
                        {
                            "key": 30,
                            "count": 2
                        },
                        {
                            "key": 17,
                            "count": 181255
                        },
                        {
                            "key": 8,
                            "count": 32053
                        },
                        {
                            "key": 18,
                            "count": 147871
                        },
                        {
                            "key": 20,
                            "count": 103182
                        },
                        {
                            "key": 19,
                            "count": 110569
                        },
                        {
                            "key": 27,
                            "count": 2
                        }
                    ]
                },
                {
                    "statistic_name": "junction_length",
                    "total": 2485869,
                    "data": [
                        {
                            "key": 45,
                            "count": 365525
                        },
                        {
                            "key": 48,
                            "count": 316099
                        },
                        {
                            "key": 42,
                            "count": 258202
                        },
                        {
                            "key": 33,
                            "count": 246661
                        },
                        {
                            "key": 36,
                            "count": 260304
                        },
                        {
                            "key": 51,
                            "count": 179916
                        },
                        {
                            "key": 54,
                            "count": 146676
                        },
                        {
                            "key": 60,
                            "count": 102726
                        },
                        {
                            "key": 41,
                            "count": 1737
                        },
                        {
                            "key": 57,
                            "count": 108602
                        },
                        {
                            "key": 27,
                            "count": 22961
                        },
                        {
                            "key": 56,
                            "count": 705
                        },
                        {
                            "key": 63,
                            "count": 23074
                        },
                        {
                            "key": 0,
                            "count": 9958
                        },
                        {
                            "key": 24,
                            "count": 31344
                        },
                        {
                            "key": 58,
                            "count": 634
                        },
                        {
                            "key": 50,
                            "count": 1076
                        },
                        {
                            "key": 21,
                            "count": 12944
                        },
                        {
                            "key": 44,
                            "count": 2302
                        },
                        {
                            "key": 18,
                            "count": 6680
                        },
                        {
                            "key": 59,
                            "count": 1333
                        },
                        {
                            "key": 23,
                            "count": 1147
                        },
                        {
                            "key": 34,
                            "count": 922
                        },
                        {
                            "key": 39,
                            "count": 250485
                        },
                        {
                            "key": 30,
                            "count": 120378
                        },
                        {
                            "key": 46,
                            "count": 780
                        },
                        {
                            "key": 47,
                            "count": 1356
                        },
                        {
                            "key": 25,
                            "count": 554
                        },
                        {
                            "key": 15,
                            "count": 479
                        },
                        {
                            "key": 17,
                            "count": 579
                        },
                        {
                            "key": 49,
                            "count": 898
                        },
                        {
                            "key": 53,
                            "count": 925
                        },
                        {
                            "key": 20,
                            "count": 50
                        },
                        {
                            "key": 43,
                            "count": 679
                        },
                        {
                            "key": 32,
                            "count": 825
                        },
                        {
                            "key": 55,
                            "count": 490
                        },
                        {
                            "key": 38,
                            "count": 1093
                        },
                        {
                            "key": 40,
                            "count": 605
                        },
                        {
                            "key": 37,
                            "count": 530
                        },
                        {
                            "key": 62,
                            "count": 158
                        },
                        {
                            "key": 29,
                            "count": 320
                        },
                        {
                            "key": 28,
                            "count": 310
                        },
                        {
                            "key": 22,
                            "count": 41
                        },
                        {
                            "key": 31,
                            "count": 455
                        },
                        {
                            "key": 66,
                            "count": 35
                        },
                        {
                            "key": 61,
                            "count": 298
                        },
                        {
                            "key": 26,
                            "count": 155
                        },
                        {
                            "key": 16,
                            "count": 12
                        },
                        {
                            "key": 14,
                            "count": 13
                        },
                        {
                            "key": 13,
                            "count": 6
                        },
                        {
                            "key": 64,
                            "count": 97
                        },
                        {
                            "key": 9,
                            "count": 2
                        },
                        {
                            "key": 65,
                            "count": 6
                        },
                        {
                            "key": 69,
                            "count": 6
                        },
                        {
                            "key": 80,
                            "count": 1
                        },
                        {
                            "key": 81,
                            "count": 2
                        },
                        {
                            "key": 72,
                            "count": 4
                        },
                        {
                            "key": 131,
                            "count": 1
                        },
                        {
                            "key": 12,
                            "count": 2
                        },
                        {
                            "key": 100,
                            "count": 1
                        },
                        {
                            "key": 52,
                            "count": 414
                        },
                        {
                            "key": 35,
                            "count": 1105
                        },
                        {
                            "key": 92,
                            "count": 1
                        },
                        {
                            "key": 78,
                            "count": 1
                        },
                        {
                            "key": 91,
                            "count": 1
                        },
                        {
                            "key": 10,
                            "count": 94
                        },
                        {
                            "key": 19,
                            "count": 94
                        }
                    ]
                },
                {
                    "statistic_name": "junction_aa_length_productive",
                    "total": 2368159,
                    "data": [
                        {
                            "key": 14,
                            "count": 249044
                        },
                        {
                            "key": 11,
                            "count": 239615
                        },
                        {
                            "key": 16,
                            "count": 304983
                        },
                        {
                            "key": 15,
                            "count": 353186
                        },
                        {
                            "key": 12,
                            "count": 252316
                        },
                        {
                            "key": 13,
                            "count": 241598
                        },
                        {
                            "key": 0,
                            "count": 0
                        },
                        {
                            "key": 21,
                            "count": 22000
                        },
                        {
                            "key": 9,
                            "count": 22301
                        },
                        {
                            "key": 7,
                            "count": 12619
                        },
                        {
                            "key": 5,
                            "count": 476
                        },
                        {
                            "key": 6,
                            "count": 6535
                        },
                        {
                            "key": 22,
                            "count": 24
                        },
                        {
                            "key": 3,
                            "count": 2
                        },
                        {
                            "key": 4,
                            "count": 1
                        },
                        {
                            "key": 23,
                            "count": 6
                        },
                        {
                            "key": 26,
                            "count": 1
                        },
                        {
                            "key": 10,
                            "count": 116718
                        },
                        {
                            "key": 43,
                            "count": 0
                        },
                        {
                            "key": 24,
                            "count": 3
                        },
                        {
                            "key": 30,
                            "count": 0
                        },
                        {
                            "key": 17,
                            "count": 173749
                        },
                        {
                            "key": 8,
                            "count": 30582
                        },
                        {
                            "key": 18,
                            "count": 141262
                        },
                        {
                            "key": 20,
                            "count": 97025
                        },
                        {
                            "key": 19,
                            "count": 104113
                        },
                        {
                            "key": 33,
                            "count": 0
                        },
                        {
                            "key": 27,
                            "count": 0
                        }
                    ]
                },
                {
                    "statistic_name": "junction_length_productive",
                    "total": 2368226,
                    "data": [
                        {
                            "key": 45,
                            "count": 353187
                        },
                        {
                            "key": 48,
                            "count": 304984
                        },
                        {
                            "key": 42,
                            "count": 249045
                        },
                        {
                            "key": 33,
                            "count": 239616
                        },
                        {
                            "key": 36,
                            "count": 252317
                        },
                        {
                            "key": 51,
                            "count": 173750
                        },
                        {
                            "key": 54,
                            "count": 141263
                        },
                        {
                            "key": 60,
                            "count": 97026
                        },
                        {
                            "key": 41,
                            "count": 1
                        },
                        {
                            "key": 58,
                            "count": 1
                        },
                        {
                            "key": 50,
                            "count": 1
                        },
                        {
                            "key": 21,
                            "count": 12620
                        },
                        {
                            "key": 44,
                            "count": 1
                        },
                        {
                            "key": 18,
                            "count": 6536
                        },
                        {
                            "key": 59,
                            "count": 1
                        },
                        {
                            "key": 23,
                            "count": 1
                        },
                        {
                            "key": 34,
                            "count": 1
                        },
                        {
                            "key": 39,
                            "count": 241599
                        },
                        {
                            "key": 46,
                            "count": 1
                        },
                        {
                            "key": 57,
                            "count": 104114
                        },
                        {
                            "key": 47,
                            "count": 1
                        },
                        {
                            "key": 25,
                            "count": 1
                        },
                        {
                            "key": 15,
                            "count": 477
                        },
                        {
                            "key": 17,
                            "count": 1
                        },
                        {
                            "key": 49,
                            "count": 1
                        },
                        {
                            "key": 20,
                            "count": 1
                        },
                        {
                            "key": 53,
                            "count": 1
                        },
                        {
                            "key": 63,
                            "count": 22001
                        },
                        {
                            "key": 43,
                            "count": 1
                        },
                        {
                            "key": 32,
                            "count": 1
                        },
                        {
                            "key": 27,
                            "count": 22302
                        },
                        {
                            "key": 0,
                            "count": 1
                        },
                        {
                            "key": 56,
                            "count": 1
                        },
                        {
                            "key": 24,
                            "count": 30583
                        },
                        {
                            "key": 55,
                            "count": 1
                        },
                        {
                            "key": 28,
                            "count": 1
                        },
                        {
                            "key": 22,
                            "count": 1
                        },
                        {
                            "key": 40,
                            "count": 1
                        },
                        {
                            "key": 30,
                            "count": 116719
                        },
                        {
                            "key": 38,
                            "count": 1
                        },
                        {
                            "key": 29,
                            "count": 1
                        },
                        {
                            "key": 37,
                            "count": 1
                        },
                        {
                            "key": 62,
                            "count": 1
                        },
                        {
                            "key": 31,
                            "count": 1
                        },
                        {
                            "key": 66,
                            "count": 25
                        },
                        {
                            "key": 61,
                            "count": 1
                        },
                        {
                            "key": 16,
                            "count": 1
                        },
                        {
                            "key": 26,
                            "count": 1
                        },
                        {
                            "key": 14,
                            "count": 1
                        },
                        {
                            "key": 13,
                            "count": 1
                        },
                        {
                            "key": 64,
                            "count": 1
                        },
                        {
                            "key": 9,
                            "count": 3
                        },
                        {
                            "key": 65,
                            "count": 1
                        },
                        {
                            "key": 69,
                            "count": 7
                        },
                        {
                            "key": 80,
                            "count": 1
                        },
                        {
                            "key": 81,
                            "count": 1
                        },
                        {
                            "key": 72,
                            "count": 4
                        },
                        {
                            "key": 131,
                            "count": 1
                        },
                        {
                            "key": 12,
                            "count": 2
                        },
                        {
                            "key": 100,
                            "count": 1
                        },
                        {
                            "key": 52,
                            "count": 1
                        },
                        {
                            "key": 35,
                            "count": 1
                        },
                        {
                            "key": 92,
                            "count": 1
                        },
                        {
                            "key": 78,
                            "count": 2
                        },
                        {
                            "key": 91,
                            "count": 1
                        },
                        {
                            "key": 10,
                            "count": 1
                        },
                        {
                            "key": 19,
                            "count": 1
                        }
                    ]
                }
            ]
        }
    ]
}